;llave_municipio;departamento;nombre_municipio
0;68000.0;Santander;Santander
1;68001.0;Santander;Bucaramanga
2;68013.0;Santander;Aguada
3;68020.0;Santander;Albania
4;68051.0;Santander;Aratoca
5;68077.0;Santander;Barbosa
6;68079.0;Santander;Barichara
7;68081.0;Santander;Barrancabermeja
8;68092.0;Santander;Betulia
9;68101.0;Santander;Bolívar
10;68121.0;Santander;Cabrera
11;68132.0;Santander;California
12;68147.0;Santander;Capitanejo
13;68152.0;Santander;Carcasí
14;68160.0;Santander;Cepitá
15;68162.0;Santander;Cerrito
16;68167.0;Santander;Charalá
17;68169.0;Santander;Charta
18;68176.0;Santander;Chima
19;68179.0;Santander;Chipatá
20;68190.0;Santander;Cimitarra
21;68207.0;Santander;Concepción
22;68209.0;Santander;Confines
23;68211.0;Santander;Contratación
24;68217.0;Santander;Coromoro
25;68229.0;Santander;Curití
26;68235.0;Santander;El Carmen de Chucurí
27;68245.0;Santander;El Guacamayo
28;68250.0;Santander;El Peñón
29;68255.0;Santander;El Playón
30;68264.0;Santander;Encino
31;68266.0;Santander;Enciso
32;68271.0;Santander;Florián
33;68276.0;Santander;Floridablanca
34;68296.0;Santander;Galán
35;68298.0;Santander;Gámbita
36;68307.0;Santander;Girón
37;68318.0;Santander;Guaca
38;68320.0;Santander;Guadalupe
39;68322.0;Santander;Guapotá
40;68324.0;Santander;Guavatá
41;68327.0;Santander;Güepsa
42;68344.0;Santander;Hato
43;68368.0;Santander;Jesús María
44;68370.0;Santander;Jordán
45;68377.0;Santander;La Belleza
46;68385.0;Santander;Landázuri
47;68397.0;Santander;La Paz
48;68406.0;Santander;Lebrija
49;68418.0;Santander;Los Santos
50;68425.0;Santander;Macaravita
51;68432.0;Santander;Málaga
52;68444.0;Santander;Matanza
53;68464.0;Santander;Mogotes
54;68468.0;Santander;Molagavita
55;68498.0;Santander;Ocamonte
56;68500.0;Santander;Oiba
57;68502.0;Santander;Onzaga
58;68522.0;Santander;Palmar
59;68524.0;Santander;Palmas del Socorro
60;68533.0;Santander;Páramo
61;68547.0;Santander;Piedecuesta
62;68549.0;Santander;Pinchote
63;68572.0;Santander;Puente Nacional
64;68573.0;Santander;Puerto Parra
65;68575.0;Santander;Puerto Wilches
66;68615.0;Santander;Rionegro
67;68655.0;Santander;Sabana de Torres
68;68669.0;Santander;San Andrés
69;68673.0;Santander;San Benito
70;68679.0;Santander;San Gil
71;68682.0;Santander;San Joaquín
72;68684.0;Santander;San José de Miranda
73;68686.0;Santander;San Miguel
74;68689.0;Santander;San Vicente de Chucurí
75;68705.0;Santander;Santa Bárbara
76;68720.0;Santander;Santa Helena del Opón
77;68745.0;Santander;Simacota
78;68755.0;Santander;Socorro
79;68770.0;Santander;Suaita
80;68773.0;Santander;Sucre
81;68780.0;Santander;Suratá
82;68820.0;Santander;Tona
83;68855.0;Santander;Valle de San José
84;68861.0;Santander;Vélez
85;68867.0;Santander;Vetas
86;68872.0;Santander;Villanueva
87;68895.0;Santander;Zapatoca
88;70000.0;Sucre;Sucre
89;70001.0;Sucre;Sincelejo
90;70110.0;Sucre;Buenavista
91;70124.0;Sucre;Caimito
92;70204.0;Sucre;Colosó
93;70215.0;Sucre;Corozal
94;70221.0;Sucre;Coveñas
95;70230.0;Sucre;Chalán
96;70233.0;Sucre;El Roble
97;70235.0;Sucre;Galeras
98;70265.0;Sucre;Guaranda
99;70400.0;Sucre;La Unión
100;70418.0;Sucre;Los Palmitos
101;70429.0;Sucre;Majagual
102;70473.0;Sucre;Morroa
103;70508.0;Sucre;Ovejas
104;70523.0;Sucre;Palmito
105;70670.0;Sucre;Sampués
106;70678.0;Sucre;San Benito Abad
107;70702.0;Sucre;San Juan de Betulia
108;70708.0;Sucre;San Marcos
109;70713.0;Sucre;San Onofre
110;70717.0;Sucre;San Pedro
111;70742.0;Sucre;San Luis de Sincé
112;70771.0;Sucre;Sucre
113;70823.0;Sucre;Tolú Viejo
114;70820.0;Sucre;Santiago de Tolú
115;73000.0;Tolima;Tolima
116;73001.0;Tolima;Ibagué
117;73024.0;Tolima;Alpujarra
118;73026.0;Tolima;Alvarado
119;73030.0;Tolima;Ambalema
120;73043.0;Tolima;Anzoátegui
121;73055.0;Tolima;Armero
122;73067.0;Tolima;Ataco
123;73124.0;Tolima;Cajamarca
124;73148.0;Tolima;Carmen de Apicalá
125;73152.0;Tolima;Casabianca
126;73168.0;Tolima;Chaparral
127;73200.0;Tolima;Coello
128;73217.0;Tolima;Coyaima
129;73226.0;Tolima;Cunday
130;73236.0;Tolima;Dolores
131;73268.0;Tolima;Espinal
132;73270.0;Tolima;Falan
133;73275.0;Tolima;Flandes
134;73283.0;Tolima;Fresno
135;73319.0;Tolima;Guamo
136;73347.0;Tolima;Herveo
137;73349.0;Tolima;Honda
138;73352.0;Tolima;Icononzo
139;73408.0;Tolima;Lérida
140;73411.0;Tolima;Líbano
141;73443.0;Tolima;San Sebastián de Mariquita
142;73449.0;Tolima;Melgar
143;73461.0;Tolima;Murillo
144;73483.0;Tolima;Natagaima
145;73504.0;Tolima;Ortega
146;73520.0;Tolima;Palocabildo
147;73547.0;Tolima;Piedras
148;73555.0;Tolima;Planadas
149;73563.0;Tolima;Prado
150;73585.0;Tolima;Purificación
151;73616.0;Tolima;Rioblanco
152;73622.0;Tolima;Roncesvalles
153;73624.0;Tolima;Rovira
154;73671.0;Tolima;Saldaña
155;73675.0;Tolima;San Antonio
156;73678.0;Tolima;San Luis
157;73686.0;Tolima;Santa Isabel
158;73770.0;Tolima;Suárez
159;73854.0;Tolima;Valle de San Juan
160;73861.0;Tolima;Venadillo
161;73873.0;Tolima;Villarrica
162;73870.0;Tolima;Villahermosa
163;19000.0;Cauca;Cauca
164;19001.0;Cauca;Popayán
165;19022.0;Cauca;Almaguer
166;19050.0;Cauca;Argelia
167;19075.0;Cauca;Balboa
168;19100.0;Cauca;Bolívar
169;19110.0;Cauca;Buenos Aires
170;19130.0;Cauca;Cajibío
171;19137.0;Cauca;Caldono
172;19142.0;Cauca;Caloto
173;19212.0;Cauca;Corinto
174;19256.0;Cauca;El Tambo
175;19290.0;Cauca;Florencia
176;19300.0;Cauca;Guachené
177;19318.0;Cauca;Guapi
178;19355.0;Cauca;Inzá
179;19364.0;Cauca;Jambaló
180;19392.0;Cauca;La Sierra
181;19397.0;Cauca;La Vega
182;19418.0;Cauca;López
183;19450.0;Cauca;Mercaderes
184;19455.0;Cauca;Miranda
185;19473.0;Cauca;Morales
186;19513.0;Cauca;Padilla
187;19517.0;Cauca;Paéz
188;19532.0;Cauca;Patía
189;19533.0;Cauca;Piamonte
190;19548.0;Cauca;Piendamó
191;19573.0;Cauca;Puerto Tejada
192;19585.0;Cauca;Puracé
193;19622.0;Cauca;Rosas
194;19693.0;Cauca;San Sebastián
195;19698.0;Cauca;Santander de Quilichao
196;19701.0;Cauca;Santa Rosa
197;19743.0;Cauca;Silvia
198;19760.0;Cauca;Sotará
199;19780.0;Cauca;Suárez
200;19785.0;Cauca;Sucre
201;19807.0;Cauca;Timbío
202;19809.0;Cauca;Timbiquí
203;19821.0;Cauca;Toribío
204;19824.0;Cauca;Totoró
205;19845.0;Cauca;Villa Rica
206;20000.0;Cesar;Cesar
207;20001.0;Cesar;Valledupar
208;20011.0;Cesar;Aguachica
209;20013.0;Cesar;Agustín Codazzi
210;20032.0;Cesar;Astrea
211;20045.0;Cesar;Becerril
212;20060.0;Cesar;Bosconia
213;20175.0;Cesar;Chimichagua
214;20178.0;Cesar;Chiriguaná
215;20228.0;Cesar;Curumaní
216;20238.0;Cesar;El Copey
217;20250.0;Cesar;El Paso
218;20295.0;Cesar;Gamarra
219;20310.0;Cesar;González
220;20383.0;Cesar;La Gloria
221;20400.0;Cesar;La Jagua de Ibirico
222;20443.0;Cesar;Manaure
223;20517.0;Cesar;Pailitas
224;20550.0;Cesar;Pelaya
225;20570.0;Cesar;Pueblo Bello
226;20614.0;Cesar;Río de Oro
227;20621.0;Cesar;La Paz
228;20710.0;Cesar;San Alberto
229;20750.0;Cesar;San Diego
230;20770.0;Cesar;San Martín
231;20787.0;Cesar;Tamalameque
232;23000.0;Córdoba;Córdoba
233;23001.0;Córdoba;Montería
234;23068.0;Córdoba;Ayapel
235;23079.0;Córdoba;Buenavista
236;23090.0;Córdoba;Canalete
237;23162.0;Córdoba;Cereté
238;23168.0;Córdoba;Chimá
239;23182.0;Córdoba;Chinú
240;23189.0;Córdoba;Ciénaga de Oro
241;23300.0;Córdoba;Cotorra
242;23350.0;Córdoba;La Apartada
243;23417.0;Córdoba;Lorica
244;23419.0;Córdoba;Los Córdobas
245;23464.0;Córdoba;Momil
246;23466.0;Córdoba;Montelíbano
247;23500.0;Córdoba;Moñitos
248;23555.0;Córdoba;Planeta Rica
249;23570.0;Córdoba;Pueblo Nuevo
250;23574.0;Córdoba;Puerto Escondido
251;23580.0;Córdoba;Puerto Libertador
252;23586.0;Córdoba;Purísima
253;23660.0;Córdoba;Sahagún
254;23670.0;Córdoba;San Andrés Sotavento
255;23672.0;Córdoba;San Antero
256;23675.0;Córdoba;San Bernardo del Viento
257;23678.0;Córdoba;San Carlos
258;23682.0;Córdoba;San José de Ure
259;23686.0;Córdoba;San Pelayo
260;23807.0;Córdoba;Tierralta
261;23815.0;Córdoba;Tuchín
262;23855.0;Córdoba;Valencia
263;15000.0;Boyacá;Boyacá
264;15001.0;Boyacá;Tunja
265;15022.0;Boyacá;Almeida
266;15047.0;Boyacá;Aquitania
267;15051.0;Boyacá;Arcabuco
268;15087.0;Boyacá;Belén
269;15090.0;Boyacá;Berbeo
270;15092.0;Boyacá;Betéitiva
271;15097.0;Boyacá;Boavita
272;15104.0;Boyacá;Boyacá
273;15106.0;Boyacá;Briceño
274;15109.0;Boyacá;Buenavista
275;15114.0;Boyacá;Busbanzá
276;15131.0;Boyacá;Caldas
277;15135.0;Boyacá;Campohermoso
278;15162.0;Boyacá;Cerinza
279;15172.0;Boyacá;Chinavita
280;15176.0;Boyacá;Chiquinquirá
281;15180.0;Boyacá;Chiscas
282;15183.0;Boyacá;Chita
283;15185.0;Boyacá;Chitaraque
284;15187.0;Boyacá;Chivatá
285;15189.0;Boyacá;Ciénega
286;15204.0;Boyacá;Cómbita
287;15212.0;Boyacá;Coper
288;15215.0;Boyacá;Corrales
289;15218.0;Boyacá;Covarachía
290;15223.0;Boyacá;Cubará
291;15224.0;Boyacá;Cucaita
292;15226.0;Boyacá;Cuítiva
293;15232.0;Boyacá;Chíquiza
294;15236.0;Boyacá;Chivor
295;15238.0;Boyacá;Duitama
296;15244.0;Boyacá;El Cocuy
297;15248.0;Boyacá;El Espino
298;15272.0;Boyacá;Firavitoba
299;15276.0;Boyacá;Floresta
300;15293.0;Boyacá;Gachantivá
301;15296.0;Boyacá;Gámeza
302;15299.0;Boyacá;Garagoa
303;15317.0;Boyacá;Guacamayas
304;15322.0;Boyacá;Guateque
305;15325.0;Boyacá;Guayatá
306;15332.0;Boyacá;Güicán
307;15362.0;Boyacá;Iza
308;15367.0;Boyacá;Jenesano
309;15368.0;Boyacá;Jericó
310;15377.0;Boyacá;Labranzagrande
311;15380.0;Boyacá;La Capilla
312;15401.0;Boyacá;La Victoria
313;15403.0;Boyacá;La Uvita
314;15407.0;Boyacá;Villa de Leyva
315;15425.0;Boyacá;Macanal
316;15442.0;Boyacá;Maripí
317;15455.0;Boyacá;Miraflores
318;15464.0;Boyacá;Mongua
319;15466.0;Boyacá;Monguí
320;15469.0;Boyacá;Moniquirá
321;15476.0;Boyacá;Motavita
322;15480.0;Boyacá;Muzo
323;15491.0;Boyacá;Nobsa
324;15494.0;Boyacá;Nuevo Colón
325;15500.0;Boyacá;Oicatá
326;15507.0;Boyacá;Otanche
327;15511.0;Boyacá;Pachavita
328;15514.0;Boyacá;Páez
329;15516.0;Boyacá;Paipa
330;15518.0;Boyacá;Pajarito
331;15522.0;Boyacá;Panqueba
332;15531.0;Boyacá;Pauna
333;15533.0;Boyacá;Paya
334;15537.0;Boyacá;Paz de Río
335;15542.0;Boyacá;Pesca
336;15550.0;Boyacá;Pisba
337;15572.0;Boyacá;Puerto Boyacá
338;15580.0;Boyacá;Quípama
339;15599.0;Boyacá;Ramiriquí
340;15600.0;Boyacá;Ráquira
341;15621.0;Boyacá;Rondón
342;15632.0;Boyacá;Saboyá
343;15638.0;Boyacá;Sáchica
344;15646.0;Boyacá;Samacá
345;15660.0;Boyacá;San Eduardo
346;15664.0;Boyacá;San José de Pare
347;15667.0;Boyacá;San Luis de Gaceno
348;15673.0;Boyacá;San Mateo
349;15676.0;Boyacá;San Miguel de Sema
350;15681.0;Boyacá;San Pablo de Borbur
351;15686.0;Boyacá;Santana
352;15690.0;Boyacá;Santa María
353;15693.0;Boyacá;Santa Rosa de Viterbo
354;15696.0;Boyacá;Santa Sofía
355;15720.0;Boyacá;Sativanorte
356;15723.0;Boyacá;Sativasur
357;15740.0;Boyacá;Siachoque
358;15753.0;Boyacá;Soatá
359;15755.0;Boyacá;Socotá
360;15757.0;Boyacá;Socha
361;15759.0;Boyacá;Sogamoso
362;15761.0;Boyacá;Somondoco
363;15762.0;Boyacá;Sora
364;15763.0;Boyacá;Sotaquirá
365;15764.0;Boyacá;Soracá
366;15774.0;Boyacá;Susacón
367;15776.0;Boyacá;Sutamarchán
368;15778.0;Boyacá;Sutatenza
369;15790.0;Boyacá;Tasco
370;15798.0;Boyacá;Tenza
371;15804.0;Boyacá;Tibaná
372;15806.0;Boyacá;Tibasosa
373;15808.0;Boyacá;Tinjacá
374;15810.0;Boyacá;Tipacoque
375;15814.0;Boyacá;Toca
376;15816.0;Boyacá;Togüí
377;15820.0;Boyacá;Tópaga
378;15822.0;Boyacá;Tota
379;15832.0;Boyacá;Tununguá
380;15835.0;Boyacá;Turmequé
381;15837.0;Boyacá;Tuta
382;15839.0;Boyacá;Tutazá
383;15842.0;Boyacá;Umbita
384;15861.0;Boyacá;Ventaquemada
385;15897.0;Boyacá;Zetaquira
386;15879.0;Boyacá;Viracachá
387;17000.0;Caldas;Caldas
388;17001.0;Caldas;Manizales
389;17013.0;Caldas;Aguadas
390;17042.0;Caldas;Anserma
391;17050.0;Caldas;Aranzazu
392;17088.0;Caldas;Belalcázar
393;17174.0;Caldas;Chinchiná
394;17272.0;Caldas;Filadelfia
395;17380.0;Caldas;La Dorada
396;17388.0;Caldas;La Merced
397;17433.0;Caldas;Manzanares
398;17442.0;Caldas;Marmato
399;17444.0;Caldas;Marquetalia
400;17446.0;Caldas;Marulanda
401;17486.0;Caldas;Neira
402;17495.0;Caldas;Norcasia
403;17513.0;Caldas;Pácora
404;17524.0;Caldas;Palestina
405;17541.0;Caldas;Pensilvania
406;17614.0;Caldas;Riosucio
407;17616.0;Caldas;Risaralda
408;17653.0;Caldas;Salamina
409;17662.0;Caldas;Samaná
410;17665.0;Caldas;San José
411;17777.0;Caldas;Supía
412;17867.0;Caldas;Victoria
413;17873.0;Caldas;Villamaría
414;17877.0;Caldas;Viterbo
415;18000.0;Caquetá;Caquetá
416;18001.0;Caquetá;Florencia
417;18029.0;Caquetá;Albania
418;18094.0;Caquetá;Belén de Los Andaquíes
419;18150.0;Caquetá;Cartagena del Chairá
420;18205.0;Caquetá;Curillo
421;18247.0;Caquetá;El Doncello
422;18256.0;Caquetá;El Paujil
423;18410.0;Caquetá;La Montañita
424;18460.0;Caquetá;Milán
425;18479.0;Caquetá;Morelia
426;18592.0;Caquetá;Puerto Rico
427;18610.0;Caquetá;San José del Fragua
428;18753.0;Caquetá;San Vicente del Caguán
429;18756.0;Caquetá;Solano
430;18860.0;Caquetá;Valparaíso
431;18785.0;Caquetá;Solita
432;52000.0;Nariño;Nariño
433;52001.0;Nariño;Pasto
434;52019.0;Nariño;Albán
435;52022.0;Nariño;Aldana
436;52036.0;Nariño;Ancuyá
437;52051.0;Nariño;Arboleda
438;52079.0;Nariño;Barbacoas
439;52083.0;Nariño;Belén
440;52110.0;Nariño;Buesaco
441;52203.0;Nariño;Colón
442;52207.0;Nariño;Consacá
443;52210.0;Nariño;Contadero
444;52215.0;Nariño;Córdoba
445;52224.0;Nariño;Cuaspud
446;52227.0;Nariño;Cumbal
447;52233.0;Nariño;Cumbitara
448;52240.0;Nariño;Chachagüí
449;52250.0;Nariño;El Charco
450;52254.0;Nariño;El Peñol
451;52256.0;Nariño;El Rosario
452;52258.0;Nariño;El Tablón de Gómez
453;52260.0;Nariño;El Tambo
454;52287.0;Nariño;Funes
455;52317.0;Nariño;Guachucal
456;52320.0;Nariño;Guaitarilla
457;52323.0;Nariño;Gualmatán
458;52352.0;Nariño;Iles
459;52354.0;Nariño;Imués
460;52356.0;Nariño;Ipiales
461;52378.0;Nariño;La Cruz
462;52381.0;Nariño;La Florida
463;52385.0;Nariño;La Llanada
464;52390.0;Nariño;La Tola
465;52399.0;Nariño;La Unión
466;52405.0;Nariño;Leiva
467;52411.0;Nariño;Linares
468;52418.0;Nariño;Los Andes
469;52427.0;Nariño;Magüi
470;52435.0;Nariño;Mallama
471;52473.0;Nariño;Mosquera
472;52480.0;Nariño;Nariño
473;52490.0;Nariño;Olaya Herrera
474;52506.0;Nariño;Ospina
475;52520.0;Nariño;Francisco Pizarro
476;52540.0;Nariño;Policarpa
477;52560.0;Nariño;Potosí
478;52565.0;Nariño;Providencia
479;52573.0;Nariño;Puerres
480;52585.0;Nariño;Pupiales
481;52612.0;Nariño;Ricaurte
482;52621.0;Nariño;Roberto Payán
483;52678.0;Nariño;Samaniego
484;52683.0;Nariño;Sandoná
485;52685.0;Nariño;San Bernardo
486;52687.0;Nariño;San Lorenzo
487;52693.0;Nariño;San Pablo
488;52694.0;Nariño;San Pedro de Cartago
489;52696.0;Nariño;Santa Bárbara
490;52699.0;Nariño;Santacruz
491;52720.0;Nariño;Sapuyes
492;52786.0;Nariño;Taminango
493;52788.0;Nariño;Tangua
494;52835.0;Nariño;San Andrés de Tumaco
495;52885.0;Nariño;Yacuanquer
496;52838.0;Nariño;Túquerres
497;54000.0;Norte de Santander;Norte de Santander
498;54001.0;Norte de Santander;Cúcuta
499;54003.0;Norte de Santander;Ábrego
500;54051.0;Norte de Santander;Arboledas
501;54099.0;Norte de Santander;Bochalema
502;54109.0;Norte de Santander;Bucarasica
503;54125.0;Norte de Santander;Cácota
504;54128.0;Norte de Santander;Cachirá
505;54172.0;Norte de Santander;Chinácota
506;54174.0;Norte de Santander;Chitagá
507;54206.0;Norte de Santander;Convención
508;54223.0;Norte de Santander;Cucutilla
509;54239.0;Norte de Santander;Durania
510;54245.0;Norte de Santander;El Carmen
511;54250.0;Norte de Santander;El Tarra
512;54261.0;Norte de Santander;El Zulia
513;54313.0;Norte de Santander;Gramalote
514;54344.0;Norte de Santander;Hacarí
515;54347.0;Norte de Santander;Herrán
516;54377.0;Norte de Santander;Labateca
517;54385.0;Norte de Santander;La Esperanza
518;54398.0;Norte de Santander;La Playa
519;54405.0;Norte de Santander;Los Patios
520;54418.0;Norte de Santander;Lourdes
521;54480.0;Norte de Santander;Mutiscua
522;54498.0;Norte de Santander;Ocaña
523;54518.0;Norte de Santander;Pamplona
524;54520.0;Norte de Santander;Pamplonita
525;54553.0;Norte de Santander;Puerto Santander
526;54599.0;Norte de Santander;Ragonvalia
527;54660.0;Norte de Santander;Salazar
528;54670.0;Norte de Santander;San Calixto
529;54673.0;Norte de Santander;San Cayetano
530;54680.0;Norte de Santander;Santiago
531;54720.0;Norte de Santander;Sardinata
532;54743.0;Norte de Santander;Silos
533;54800.0;Norte de Santander;Teorama
534;54810.0;Norte de Santander;Tibú
535;54820.0;Norte de Santander;Toledo
536;54871.0;Norte de Santander;Villa Caro
537;54874.0;Norte de Santander;Villa del Rosario
538;63000.0;Quindío;Quindío
539;63001.0;Quindío;Armenia
540;63111.0;Quindío;Buenavista
541;63130.0;Quindío;Calarcá
542;63190.0;Quindío;Circasia
543;63212.0;Quindío;Córdoba
544;63272.0;Quindío;Filandia
545;63302.0;Quindío;Génova
546;63401.0;Quindío;La Tebaida
547;63470.0;Quindío;Montenegro
548;63548.0;Quindío;Pijao
549;63690.0;Quindío;Salento
550;63594.0;Quindío;Quimbaya
551;66000.0;Risaralda;Risaralda
552;66001.0;Risaralda;Pereira
553;66045.0;Risaralda;Apía
554;66075.0;Risaralda;Balboa
555;66088.0;Risaralda;Belén de Umbría
556;66170.0;Risaralda;Dosquebradas
557;66318.0;Risaralda;Guática
558;66383.0;Risaralda;La Celia
559;66400.0;Risaralda;La Virginia
560;66440.0;Risaralda;Marsella
561;66456.0;Risaralda;Mistrató
562;66572.0;Risaralda;Pueblo Rico
563;66594.0;Risaralda;Quinchía
564;66687.0;Risaralda;Santuario
565;66682.0;Risaralda;Santa Rosa de Cabal
566;41000.0;Huila;Huila
567;41001.0;Huila;Neiva
568;41006.0;Huila;Acevedo
569;41013.0;Huila;Agrado
570;41016.0;Huila;Aipe
571;41020.0;Huila;Algeciras
572;41026.0;Huila;Altamira
573;41078.0;Huila;Baraya
574;41132.0;Huila;Campoalegre
575;41206.0;Huila;Colombia
576;41244.0;Huila;Elías
577;41298.0;Huila;Garzón
578;41306.0;Huila;Gigante
579;41319.0;Huila;Guadalupe
580;41349.0;Huila;Hobo
581;41357.0;Huila;Iquira
582;41359.0;Huila;Isnos
583;41378.0;Huila;La Argentina
584;41396.0;Huila;La Plata
585;41483.0;Huila;Nátaga
586;41503.0;Huila;Oporapa
587;41518.0;Huila;Paicol
588;41524.0;Huila;Palermo
589;41530.0;Huila;Palestina
590;41548.0;Huila;Pital
591;41551.0;Huila;Pitalito
592;41615.0;Huila;Rivera
593;41660.0;Huila;Saladoblanco
594;41668.0;Huila;San Agustín
595;41676.0;Huila;Santa María
596;41770.0;Huila;Suaza
597;41791.0;Huila;Tarqui
598;41797.0;Huila;Tesalia
599;41799.0;Huila;Tello
600;41801.0;Huila;Teruel
601;41807.0;Huila;Timaná
602;41872.0;Huila;Villavieja
603;41885.0;Huila;Yaguará
604;44000.0;La Guajira;La Guajira
605;44001.0;La Guajira;Riohacha
606;44035.0;La Guajira;Albania
607;44078.0;La Guajira;Barrancas
608;44090.0;La Guajira;Dibulla
609;44098.0;La Guajira;Distracción
610;44110.0;La Guajira;El Molino
611;44279.0;La Guajira;Fonseca
612;44378.0;La Guajira;Hatonuevo
613;44420.0;La Guajira;La Jagua del Pilar
614;44430.0;La Guajira;Maicao
615;44560.0;La Guajira;Manaure
616;44650.0;La Guajira;San Juan del Cesar
617;44847.0;La Guajira;Uribia
618;44874.0;La Guajira;Villanueva
619;44855.0;La Guajira;Urumita
620;47000.0;Magdalena;Magdalena
621;47001.0;Magdalena;Santa Marta
622;47030.0;Magdalena;Algarrobo
623;47053.0;Magdalena;Aracataca
624;47058.0;Magdalena;Ariguaní
625;47161.0;Magdalena;Cerro San Antonio
626;47170.0;Magdalena;Chibolo
627;47189.0;Magdalena;Ciénaga
628;47205.0;Magdalena;Concordia
629;47245.0;Magdalena;El Banco
630;47258.0;Magdalena;El Piñón
631;47268.0;Magdalena;El Retén
632;47288.0;Magdalena;Fundación
633;47318.0;Magdalena;Guamal
634;47460.0;Magdalena;Nueva Granada
635;47541.0;Magdalena;Pedraza
636;47545.0;Magdalena;Pijiño del Carmen
637;47551.0;Magdalena;Pivijay
638;47555.0;Magdalena;Plato
639;47570.0;Magdalena;Puebloviejo
640;47605.0;Magdalena;Remolino
641;47660.0;Magdalena;Sabanas de San Ángel
642;47675.0;Magdalena;Salamina
643;47692.0;Magdalena;San Sebastián de Buenavista
644;47703.0;Magdalena;San Zenón
645;47707.0;Magdalena;Santa Ana
646;47720.0;Magdalena;Santa Bárbara de Pinto
647;47745.0;Magdalena;Sitionuevo
648;47798.0;Magdalena;Tenerife
649;47960.0;Magdalena;Zapayán
650;47980.0;Magdalena;Zona Bananera
651;50000.0;Meta;Meta
652;50001.0;Meta;Villavicencio
653;50006.0;Meta;Acacías
654;50110.0;Meta;Barranca de Upía
655;50124.0;Meta;Cabuyaro
656;50150.0;Meta;Castilla La Nueva
657;50223.0;Meta;Cubarral
658;50226.0;Meta;Cumaral
659;50245.0;Meta;El Calvario
660;50251.0;Meta;El Castillo
661;50270.0;Meta;El Dorado
662;50287.0;Meta;Fuente de Oro
663;50313.0;Meta;Granada
664;50318.0;Meta;Guamal
665;50325.0;Meta;Mapiripán
666;50330.0;Meta;Mesetas
667;50350.0;Meta;La Macarena
668;50370.0;Meta;Uribe
669;50400.0;Meta;Lejanías
670;50450.0;Meta;Puerto Concordia
671;50568.0;Meta;Puerto Gaitán
672;50573.0;Meta;Puerto López
673;50577.0;Meta;Puerto Lleras
674;50590.0;Meta;Puerto Rico
675;50606.0;Meta;Restrepo
676;50680.0;Meta;San Carlos de Guaroa
677;50683.0;Meta;San Juan de Arama
678;50686.0;Meta;San Juanito
679;50689.0;Meta;San Martín
680;50711.0;Meta;Vistahermosa
681;76000.0;Valle del Cauca;Valle del Cauca
682;76001.0;Valle del Cauca;Cali
683;76020.0;Valle del Cauca;Alcalá
684;76036.0;Valle del Cauca;Andalucía
685;76041.0;Valle del Cauca;Ansermanuevo
686;76054.0;Valle del Cauca;Argelia
687;76100.0;Valle del Cauca;Bolívar
688;76109.0;Valle del Cauca;Buenaventura
689;76111.0;Valle del Cauca;Guadalajara de Buga
690;76113.0;Valle del Cauca;Bugalagrande
691;76122.0;Valle del Cauca;Caicedonia
692;76126.0;Valle del Cauca;Calima
693;76130.0;Valle del Cauca;Candelaria
694;76147.0;Valle del Cauca;Cartago
695;76233.0;Valle del Cauca;Dagua
696;76243.0;Valle del Cauca;El Águila
697;76246.0;Valle del Cauca;El Cairo
698;76248.0;Valle del Cauca;El Cerrito
699;76250.0;Valle del Cauca;El Dovio
700;76275.0;Valle del Cauca;Florida
701;76306.0;Valle del Cauca;Ginebra
702;76318.0;Valle del Cauca;Guacarí
703;76364.0;Valle del Cauca;Jamundí
704;76377.0;Valle del Cauca;La Cumbre
705;76400.0;Valle del Cauca;La Unión
706;76403.0;Valle del Cauca;La Victoria
707;76497.0;Valle del Cauca;Obando
708;76520.0;Valle del Cauca;Palmira
709;76563.0;Valle del Cauca;Pradera
710;76606.0;Valle del Cauca;Restrepo
711;76616.0;Valle del Cauca;Riofrío
712;76622.0;Valle del Cauca;Roldanillo
713;76670.0;Valle del Cauca;San Pedro
714;76736.0;Valle del Cauca;Sevilla
715;76823.0;Valle del Cauca;Toro
716;76828.0;Valle del Cauca;Trujillo
717;76834.0;Valle del Cauca;Tuluá
718;76845.0;Valle del Cauca;Ulloa
719;76863.0;Valle del Cauca;Versalles
720;76869.0;Valle del Cauca;Vijes
721;76890.0;Valle del Cauca;Yotoco
722;76892.0;Valle del Cauca;Yumbo
723;76895.0;Valle del Cauca;Zarzal
724;81000.0;Arauca;Arauca
725;81001.0;Arauca;Arauca
726;81065.0;Arauca;Arauquita
727;81220.0;Arauca;Cravo Norte
728;81300.0;Arauca;Fortul
729;81591.0;Arauca;Puerto Rondón
730;81794.0;Arauca;Tame
731;81736.0;Arauca;Saravena
732;85000.0;Casanare;Casanare
733;85001.0;Casanare;Yopal
734;85010.0;Casanare;Aguazul
735;85015.0;Casanare;Chámeza
736;85125.0;Casanare;Hato Corozal
737;85136.0;Casanare;La Salina
738;85139.0;Casanare;Maní
739;85162.0;Casanare;Monterrey
740;85225.0;Casanare;Nunchía
741;85230.0;Casanare;Orocué
742;85250.0;Casanare;Paz de Ariporo
743;85263.0;Casanare;Pore
744;85279.0;Casanare;Recetor
745;85300.0;Casanare;Sabanalarga
746;85315.0;Casanare;Sácama
747;85325.0;Casanare;San Luis de Palenque
748;85400.0;Casanare;Támara
749;85410.0;Casanare;Tauramena
750;85440.0;Casanare;Villanueva
751;85430.0;Casanare;Trinidad
752;86000.0;Putumayo;Putumayo
753;86001.0;Putumayo;Mocoa
754;86219.0;Putumayo;Colón
755;86320.0;Putumayo;Orito
756;86568.0;Putumayo;Puerto Asís
757;86569.0;Putumayo;Puerto Caicedo
758;86571.0;Putumayo;Puerto Guzmán
759;86573.0;Putumayo;Puerto Leguízamo
760;86749.0;Putumayo;Sibundoy
761;86755.0;Putumayo;San Francisco
762;86757.0;Putumayo;San Miguel
763;86760.0;Putumayo;Santiago
764;86885.0;Putumayo;Villagarzón
765;86865.0;Putumayo;Valle del Guamuez
766;88564.0;San Andrés y Providencia;Providencia
767;88000.0;San Andrés y Providencia;San Andrés y Providencia
768;91000.0;Amazonas;Amazonas
769;91001.0;Amazonas;Leticia
770;91540.0;Amazonas;Puerto Nariño
771;94001.0;Guainía;Inírida
772;94000.0;Guainía;Guainía
773;95000.0;Guaviare;Guaviare
774;95001.0;Guaviare;San José del Guaviare
775;95015.0;Guaviare;Calamar
776;95200.0;Guaviare;Miraflores
777;95025.0;Guaviare;El Retorno
778;97000.0;Vaupés;Vaupés
779;97001.0;Vaupés;Mitú
780;97666.0;Vaupés;Taraira
781;97161.0;Vaupés;Carurú
782;99000.0;Vichada;Vichada
783;99001.0;Vichada;Puerto Carreño
784;99524.0;Vichada;La Primavera
785;99773.0;Vichada;Cumaribo
786;99624.0;Vichada;Santa Rosalía
787;25000.0;Cundinamarca;Cundinamarca
788;25001.0;Cundinamarca;Agua de Dios
789;25019.0;Cundinamarca;Albán
790;25035.0;Cundinamarca;Anapoima
791;25040.0;Cundinamarca;Anolaima
792;25053.0;Cundinamarca;Arbeláez
793;25086.0;Cundinamarca;Beltrán
794;25095.0;Cundinamarca;Bituima
795;25099.0;Cundinamarca;Bojacá
796;25120.0;Cundinamarca;Cabrera
797;25123.0;Cundinamarca;Cachipay
798;25126.0;Cundinamarca;Cajicá
799;25148.0;Cundinamarca;Caparrapí
800;25151.0;Cundinamarca;Cáqueza
801;25154.0;Cundinamarca;Carmen de Carupa
802;25168.0;Cundinamarca;Chaguaní
803;25175.0;Cundinamarca;Chía
804;25178.0;Cundinamarca;Chipaque
805;25181.0;Cundinamarca;Choachí
806;25183.0;Cundinamarca;Chocontá
807;25200.0;Cundinamarca;Cogua
808;25214.0;Cundinamarca;Cota
809;25224.0;Cundinamarca;Cucunubá
810;25245.0;Cundinamarca;El Colegio
811;25258.0;Cundinamarca;El Peñón
812;25260.0;Cundinamarca;El Rosal
813;25269.0;Cundinamarca;Facatativá
814;25279.0;Cundinamarca;Fómeque
815;25281.0;Cundinamarca;Fosca
816;25286.0;Cundinamarca;Funza
817;25288.0;Cundinamarca;Fúquene
818;25290.0;Cundinamarca;Fusagasugá
819;25293.0;Cundinamarca;Gachalá
820;25295.0;Cundinamarca;Gachancipá
821;25297.0;Cundinamarca;Gachetá
822;25299.0;Cundinamarca;Gama
823;25307.0;Cundinamarca;Girardot
824;25312.0;Cundinamarca;Granada
825;25317.0;Cundinamarca;Guachetá
826;25320.0;Cundinamarca;Guaduas
827;25322.0;Cundinamarca;Guasca
828;25324.0;Cundinamarca;Guataquí
829;25326.0;Cundinamarca;Guatavita
830;25328.0;Cundinamarca;Guayabal de Síquima
831;25335.0;Cundinamarca;Guayabetal
832;25339.0;Cundinamarca;Gutiérrez
833;25368.0;Cundinamarca;Jerusalén
834;25372.0;Cundinamarca;Junín
835;25377.0;Cundinamarca;La Calera
836;25386.0;Cundinamarca;La Mesa
837;25394.0;Cundinamarca;La Palma
838;25398.0;Cundinamarca;La Peña
839;25402.0;Cundinamarca;La Vega
840;25407.0;Cundinamarca;Lenguazaque
841;25426.0;Cundinamarca;Machetá
842;25430.0;Cundinamarca;Madrid
843;25436.0;Cundinamarca;Manta
844;25438.0;Cundinamarca;Medina
845;25473.0;Cundinamarca;Mosquera
846;25483.0;Cundinamarca;Nariño
847;25486.0;Cundinamarca;Nemocón
848;25488.0;Cundinamarca;Nilo
849;25489.0;Cundinamarca;Nimaima
850;25491.0;Cundinamarca;Nocaima
851;25506.0;Cundinamarca;Venecia
852;25513.0;Cundinamarca;Pacho
853;25518.0;Cundinamarca;Paime
854;25524.0;Cundinamarca;Pandi
855;25530.0;Cundinamarca;Paratebueno
856;25535.0;Cundinamarca;Pasca
857;25572.0;Cundinamarca;Puerto Salgar
858;25580.0;Cundinamarca;Pulí
859;25592.0;Cundinamarca;Quebradanegra
860;25594.0;Cundinamarca;Quetame
861;25596.0;Cundinamarca;Quipile
862;25599.0;Cundinamarca;Apulo
863;25612.0;Cundinamarca;Ricaurte
864;25645.0;Cundinamarca;San Antonio del Tequendama
865;25649.0;Cundinamarca;San Bernardo
866;25653.0;Cundinamarca;San Cayetano
867;25658.0;Cundinamarca;San Francisco
868;25662.0;Cundinamarca;San Juan de Río Seco
869;25718.0;Cundinamarca;Sasaima
870;25736.0;Cundinamarca;Sesquilé
871;25740.0;Cundinamarca;Sibaté
872;25743.0;Cundinamarca;Silvania
873;25745.0;Cundinamarca;Simijaca
874;25754.0;Cundinamarca;Soacha
875;25758.0;Cundinamarca;Sopó
876;25769.0;Cundinamarca;Subachoque
877;25772.0;Cundinamarca;Suesca
878;25777.0;Cundinamarca;Supatá
879;25779.0;Cundinamarca;Susa
880;25781.0;Cundinamarca;Sutatausa
881;25785.0;Cundinamarca;Tabio
882;25793.0;Cundinamarca;Tausa
883;25797.0;Cundinamarca;Tena
884;25799.0;Cundinamarca;Tenjo
885;25805.0;Cundinamarca;Tibacuy
886;25807.0;Cundinamarca;Tibirita
887;25815.0;Cundinamarca;Tocaima
888;25817.0;Cundinamarca;Tocancipá
889;25823.0;Cundinamarca;Topaipí
890;25839.0;Cundinamarca;Ubalá
891;25841.0;Cundinamarca;Ubaque
892;25843.0;Cundinamarca;Villa de San Diego de Ubate
893;25845.0;Cundinamarca;Une
894;25851.0;Cundinamarca;Útica
895;25862.0;Cundinamarca;Vergara
896;25867.0;Cundinamarca;Vianí
897;25871.0;Cundinamarca;Villagómez
898;25873.0;Cundinamarca;Villapinzón
899;25875.0;Cundinamarca;Villeta
900;25878.0;Cundinamarca;Viotá
901;25885.0;Cundinamarca;Yacopí
902;25898.0;Cundinamarca;Zipacón
903;25899.0;Cundinamarca;Zipaquirá
904;27000.0;Chocó;Chocó
905;27001.0;Chocó;Quibdó
906;27006.0;Chocó;Acandí
907;27025.0;Chocó;Alto Baudó
908;27050.0;Chocó;Atrato
909;27073.0;Chocó;Bagadó
910;27075.0;Chocó;Bahía Solano
911;27077.0;Chocó;Bajo Baudó
912;27099.0;Chocó;Bojayá
913;27135.0;Chocó;El Cantón del San Pablo
914;27150.0;Chocó;Carmen del Darién
915;27160.0;Chocó;Cértegui
916;27205.0;Chocó;Condoto
917;27245.0;Chocó;El Carmen de Atrato
918;27250.0;Chocó;El Litoral del San Juan
919;27361.0;Chocó;Istmina
920;27372.0;Chocó;Juradó
921;27413.0;Chocó;Lloró
922;27425.0;Chocó;Medio Atrato
923;27430.0;Chocó;Medio Baudó
924;27450.0;Chocó;Medio San Juan
925;27491.0;Chocó;Nóvita
926;27495.0;Chocó;Nuquí
927;27580.0;Chocó;Río Iró
928;27600.0;Chocó;Río Quito
929;27615.0;Chocó;Riosucio
930;27660.0;Chocó;San José del Palmar
931;27745.0;Chocó;Sipí
932;27787.0;Chocó;Tadó
933;27800.0;Chocó;Unguía
934;27810.0;Chocó;Unión Panamericana
935;1001.0;Colombia;Colombia
936;5000.0;Antioquia;Antioquia
937;5001.0;Antioquia;Medellín
938;5002.0;Antioquia;Abejorral
939;5004.0;Antioquia;Abriaquí
940;5021.0;Antioquia;Alejandría
941;5030.0;Antioquia;Amagá
942;5031.0;Antioquia;Amalfi
943;5034.0;Antioquia;Andes
944;5036.0;Antioquia;Angelópolis
945;5038.0;Antioquia;Angostura
946;5040.0;Antioquia;Anorí
947;5042.0;Antioquia;Santafé de Antioquia
948;5044.0;Antioquia;Anzá
949;5045.0;Antioquia;Apartadó
950;5051.0;Antioquia;Arboletes
951;5055.0;Antioquia;Argelia
952;5059.0;Antioquia;Armenia
953;5079.0;Antioquia;Barbosa
954;5086.0;Antioquia;Belmira
955;5088.0;Antioquia;Bello
956;5091.0;Antioquia;Betania
957;5093.0;Antioquia;Betulia
958;5101.0;Antioquia;Ciudad Bolívar
959;5107.0;Antioquia;Briceño
960;5113.0;Antioquia;Buriticá
961;5120.0;Antioquia;Cáceres
962;5125.0;Antioquia;Caicedo
963;5129.0;Antioquia;Caldas
964;5134.0;Antioquia;Campamento
965;5138.0;Antioquia;Cañasgordas
966;5142.0;Antioquia;Caracolí
967;5145.0;Antioquia;Caramanta
968;5147.0;Antioquia;Carepa
969;5148.0;Antioquia;El Carmen de Viboral
970;5150.0;Antioquia;Carolina
971;5154.0;Antioquia;Caucasia
972;5172.0;Antioquia;Chigorodó
973;5190.0;Antioquia;Cisneros
974;5197.0;Antioquia;Cocorná
975;5206.0;Antioquia;Concepción
976;5209.0;Antioquia;Concordia
977;5212.0;Antioquia;Copacabana
978;5234.0;Antioquia;Dabeiba
979;5237.0;Antioquia;Don Matías
980;5240.0;Antioquia;Ebéjico
981;5250.0;Antioquia;El Bagre
982;5264.0;Antioquia;Entrerrios
983;5266.0;Antioquia;Envigado
984;5282.0;Antioquia;Fredonia
985;5284.0;Antioquia;Frontino
986;5306.0;Antioquia;Giraldo
987;5308.0;Antioquia;Girardota
988;5310.0;Antioquia;Gómez Plata
989;5313.0;Antioquia;Granada
990;5315.0;Antioquia;Guadalupe
991;5318.0;Antioquia;Guarne
992;5321.0;Antioquia;Guatapé
993;5347.0;Antioquia;Heliconia
994;5353.0;Antioquia;Hispania
995;5360.0;Antioquia;Itagüí
996;5361.0;Antioquia;Ituango
997;5364.0;Antioquia;Jardín
998;5368.0;Antioquia;Jericó
999;5376.0;Antioquia;La Ceja
1000;5380.0;Antioquia;La Estrella
1001;5390.0;Antioquia;La Pintada
1002;5400.0;Antioquia;La Unión
1003;5411.0;Antioquia;Liborina
1004;5425.0;Antioquia;Maceo
1005;5440.0;Antioquia;Marinilla
1006;5467.0;Antioquia;Montebello
1007;5475.0;Antioquia;Murindó
1008;5480.0;Antioquia;Mutatá
1009;5483.0;Antioquia;Nariño
1010;5490.0;Antioquia;Necoclí
1011;5495.0;Antioquia;Nechí
1012;5501.0;Antioquia;Olaya
1013;5541.0;Antioquia;Peñol
1014;5543.0;Antioquia;Peque
1015;5576.0;Antioquia;Pueblorrico
1016;5579.0;Antioquia;Puerto Berrío
1017;5585.0;Antioquia;Puerto Nare
1018;5591.0;Antioquia;Puerto Triunfo
1019;5604.0;Antioquia;Remedios
1020;5607.0;Antioquia;Retiro
1021;5615.0;Antioquia;Rionegro
1022;5628.0;Antioquia;Sabanalarga
1023;5631.0;Antioquia;Sabaneta
1024;5642.0;Antioquia;Salgar
1025;5647.0;Antioquia;San Andrés de Cuerquía
1026;5649.0;Antioquia;San Carlos
1027;5652.0;Antioquia;San Francisco
1028;5656.0;Antioquia;San Jerónimo
1029;5658.0;Antioquia;San José de La Montaña
1030;5659.0;Antioquia;San Juan de Urabá
1031;5660.0;Antioquia;San Luis
1032;5664.0;Antioquia;San Pedro de Los Milagros
1033;5665.0;Antioquia;San Pedro de Urabá
1034;5667.0;Antioquia;San Rafael
1035;5670.0;Antioquia;San Roque
1036;5674.0;Antioquia;San Vicente
1037;5679.0;Antioquia;Santa Bárbara
1038;5686.0;Antioquia;Santa Rosa de Osos
1039;5690.0;Antioquia;Santo Domingo
1040;5697.0;Antioquia;El Santuario
1041;5736.0;Antioquia;Segovia
1042;5756.0;Antioquia;Sonsón
1043;5761.0;Antioquia;Sopetrán
1044;5789.0;Antioquia;Támesis
1045;5790.0;Antioquia;Tarazá
1046;5792.0;Antioquia;Tarso
1047;5809.0;Antioquia;Titiribí
1048;5819.0;Antioquia;Toledo
1049;5837.0;Antioquia;Turbo
1050;5842.0;Antioquia;Uramita
1051;5847.0;Antioquia;Urrao
1052;5854.0;Antioquia;Valdivia
1053;5856.0;Antioquia;Valparaíso
1054;5858.0;Antioquia;Vegachí
1055;5861.0;Antioquia;Venecia
1056;5873.0;Antioquia;Vigía del Fuerte
1057;5885.0;Antioquia;Yalí
1058;5887.0;Antioquia;Yarumal
1059;5890.0;Antioquia;Yolombó
1060;5893.0;Antioquia;Yondó
1061;5895.0;Antioquia;Zaragoza
1062;8000.0;Atlántico;Atlántico
1063;8001.0;Atlántico;Barranquilla
1064;8078.0;Atlántico;Baranoa
1065;8137.0;Atlántico;Campo de La Cruz
1066;8141.0;Atlántico;Candelaria
1067;8296.0;Atlántico;Galapa
1068;8372.0;Atlántico;Juan de Acosta
1069;8421.0;Atlántico;Luruaco
1070;8433.0;Atlántico;Malambo
1071;8436.0;Atlántico;Manatí
1072;8520.0;Atlántico;Palmar de Varela
1073;8549.0;Atlántico;Piojó
1074;8558.0;Atlántico;Polonuevo
1075;8560.0;Atlántico;Ponedera
1076;8573.0;Atlántico;Puerto Colombia
1077;8606.0;Atlántico;Repelón
1078;8634.0;Atlántico;Sabanagrande
1079;8638.0;Atlántico;Sabanalarga
1080;8675.0;Atlántico;Santa Lucía
1081;8685.0;Atlántico;Santo Tomás
1082;8758.0;Atlántico;Soledad
1083;8770.0;Atlántico;Suan
1084;8849.0;Atlántico;Usiacurí
1085;8832.0;Atlántico;Tubará
1086;11001.0;Bogotá;Bogotá
1087;13000.0;Bolívar;Bolívar
1088;13001.0;Bolívar;Cartagena
1089;13006.0;Bolívar;Achí
1090;13030.0;Bolívar;Altos del Rosario
1091;13042.0;Bolívar;Arenal
1092;13052.0;Bolívar;Arjona
1093;13062.0;Bolívar;Arroyohondo
1094;13074.0;Bolívar;Barranco de Loba
1095;13140.0;Bolívar;Calamar
1096;13160.0;Bolívar;Cantagallo
1097;13188.0;Bolívar;Cicuco
1098;13212.0;Bolívar;Córdoba
1099;13222.0;Bolívar;Clemencia
1100;13244.0;Bolívar;El Carmen de Bolívar
1101;13248.0;Bolívar;El Guamo
1102;13268.0;Bolívar;El Peñón
1103;13300.0;Bolívar;Hatillo de Loba
1104;13430.0;Bolívar;Magangué
1105;13433.0;Bolívar;Mahates
1106;13440.0;Bolívar;Margarita
1107;13442.0;Bolívar;María La Baja
1108;13458.0;Bolívar;Montecristo
1109;13468.0;Bolívar;Mompós
1110;13473.0;Bolívar;Morales
1111;13490.0;Bolívar;Norosí
1112;13549.0;Bolívar;Pinillos
1113;13580.0;Bolívar;Regidor
1114;13600.0;Bolívar;Río Viejo
1115;13620.0;Bolívar;San Cristóbal
1116;13647.0;Bolívar;San Estanislao
1117;13650.0;Bolívar;San Fernando
1118;13654.0;Bolívar;San Jacinto
1119;13655.0;Bolívar;San Jacinto del Cauca
1120;13657.0;Bolívar;San Juan Nepomuceno
1121;13667.0;Bolívar;San Martín de Loba
1122;13670.0;Bolívar;San Pablo
1123;13673.0;Bolívar;Santa Catalina
1124;13683.0;Bolívar;Santa Rosa
1125;13688.0;Bolívar;Santa Rosa del Sur
1126;13744.0;Bolívar;Simití
1127;13760.0;Bolívar;Soplaviento
1128;13780.0;Bolívar;Talaigua Nuevo
1129;13810.0;Bolívar;Tiquisio
1130;13836.0;Bolívar;Turbaco
1131;13838.0;Bolívar;Turbaná
1132;13873.0;Bolívar;Villanueva
1133;13894.0;Bolívar;Zambrano
